level_0,level_1,0,1
Pregnancies,count,1316.0,684.0
Pregnancies,mean,3.1686930091185412,4.732456140350878
Pregnancies,std,2.913525578106032,3.7463578161728925
Pregnancies,min,0.0,0.0
Pregnancies,25%,1.0,1.0
Pregnancies,50%,2.0,4.0
Pregnancies,75%,5.0,7.0
Pregnancies,max,13.0,17.0
Glucose,count,1316.0,684.0
Glucose,mean,111.20896656534954,142.5950292397661
Glucose,std,25.233593611211294,29.22284809535879
Glucose,min,44.0,80.0
Glucose,25%,94.0,120.0
Glucose,50%,107.0,140.0
Glucose,75%,126.0,167.0
Glucose,max,197.0,199.0
BloodPressure,count,1316.0,684.0
BloodPressure,mean,70.88525835866261,75.2719298245614
BloodPressure,std,11.796489585854328,11.719102615357126
BloodPressure,min,24.0,30.0
BloodPressure,25%,62.0,68.0
BloodPressure,50%,72.0,74.0
BloodPressure,75%,78.0,82.0
BloodPressure,max,122.0,114.0
SkinThickness,count,1316.0,684.0
SkinThickness,mean,27.89741641337386,31.833333333333332
SkinThickness,std,9.057196840787984,8.691979777075828
SkinThickness,min,7.0,7.0
SkinThickness,25%,22.0,29.0
SkinThickness,50%,29.0,29.0
SkinThickness,75%,31.0,36.0
SkinThickness,max,110.0,99.0
Insulin,count,1316.0,684.0
Insulin,mean,128.87234042553192,162.8187134502924
Insulin,std,72.95502314211498,91.99827740818284
Insulin,min,15.0,14.0
Insulin,25%,95.0,126.0
Insulin,50%,126.0,126.0
Insulin,75%,126.0,167.0
Insulin,max,744.0,600.0
BMI,count,1316.0,684.0
BMI,mean,31.182978723404258,35.4625730994152
BMI,std,6.964979137831031,6.770794861904958
BMI,min,18.2,20.1
BMI,25%,25.9,30.9
BMI,50%,30.6,34.3
BMI,75%,35.4,38.7
BMI,max,80.6,67.1
DiabetesPedigreeFunction,count,1316.0,684.0
DiabetesPedigreeFunction,mean,0.4346762917933131,0.5406812865497076
DiabetesPedigreeFunction,std,0.2942676468540536,0.363688523195402
DiabetesPedigreeFunction,min,0.078,0.088
DiabetesPedigreeFunction,25%,0.23475,0.261
DiabetesPedigreeFunction,50%,0.342,0.434
DiabetesPedigreeFunction,75%,0.571,0.727
DiabetesPedigreeFunction,max,2.329,2.42
Age,count,1316.0,684.0
Age,mean,31.08130699088146,36.95614035087719
Age,std,11.72110313369454,10.924114942524678
Age,min,21.0,21.0
Age,25%,23.0,28.0
Age,50%,26.0,36.0
Age,75%,36.25,44.0
Age,max,81.0,70.0
