dataset,algorithm,scenario,drift_amount,outlier_original,outlier_drifted,detection_ratio
Pima,OCSVM,Univariate,0.1,0.11688311688311688,0.11688311688311688,1.0
Pima,OCSVM,Univariate,0.25,0.11688311688311688,0.14285714285714285,1.222222222222222
Pima,OCSVM,Univariate,0.4,0.11688311688311688,0.17316017316017315,1.4814814814814814
Pima,OCSVM,Multivariate,0.1,0.11688311688311688,0.12121212121212122,1.037037037037037
Pima,OCSVM,Multivariate,0.25,0.11688311688311688,0.16883116883116883,1.4444444444444444
Pima,OCSVM,Multivariate,0.4,0.11688311688311688,0.24242424242424243,2.074074074074074
Pima,IF,Univariate,0.1,0.021645021645021644,0.025974025974025976,1.2000000000000002
Pima,IF,Univariate,0.25,0.021645021645021644,0.025974025974025976,1.2000000000000002
Pima,IF,Univariate,0.4,0.021645021645021644,0.03463203463203463,1.6
Pima,IF,Multivariate,0.1,0.021645021645021644,0.03896103896103896,1.8
Pima,IF,Multivariate,0.25,0.021645021645021644,0.06493506493506493,3.0
Pima,IF,Multivariate,0.4,0.021645021645021644,0.09523809523809523,4.4
FHGD,OCSVM,Univariate,0.1,0.07666666666666666,0.09833333333333333,1.2826086956521738
FHGD,OCSVM,Univariate,0.25,0.07666666666666666,0.115,1.5000000000000002
FHGD,OCSVM,Univariate,0.4,0.07666666666666666,0.14,1.8260869565217395
FHGD,OCSVM,Multivariate,0.1,0.07666666666666666,0.09666666666666666,1.2608695652173914
FHGD,OCSVM,Multivariate,0.25,0.07666666666666666,0.14666666666666667,1.9130434782608696
FHGD,OCSVM,Multivariate,0.4,0.07666666666666666,0.21166666666666667,2.7608695652173916
FHGD,IF,Univariate,0.1,0.058333333333333334,0.06166666666666667,1.0571428571428572
FHGD,IF,Univariate,0.25,0.058333333333333334,0.06333333333333334,1.0857142857142859
FHGD,IF,Univariate,0.4,0.058333333333333334,0.065,1.1142857142857143
FHGD,IF,Multivariate,0.1,0.058333333333333334,0.075,1.2857142857142856
FHGD,IF,Multivariate,0.25,0.058333333333333334,0.08333333333333333,1.4285714285714284
FHGD,IF,Multivariate,0.4,0.058333333333333334,0.11,1.8857142857142857
